Feature,Importance
numeric__Sleep_Quality,0.2723434930117205
numeric__HRV_ms,0.22425680506336199
numeric__Energy_Level,0.07696163173367015
categorical__Source_Dataset_D3_Multimodal,0.0578572504631115
categorical__Stress_Level_High,0.05321093989929795
numeric__Sleep_Duration_Hours,0.04822004705454951
numeric__Sleep_Deficit,0.04251476711640229
categorical__Source_Dataset_D1_Recovery,0.037664439250786365
numeric__Fatigue_Index,0.02227704607391148
numeric__HRV_7d_Avg,0.0183655649255483
numeric__Stress_Index,0.015841498870911554
numeric__Mood_Score,0.007689411474981718
categorical__Stress_Level_Medium,0.00642630178642758
numeric__Muscle_Soreness,0.006178576283508344
categorical__Stress_Level_Low,0.0061711757659530355
numeric__Hydration_Level,0.005898156515788978
numeric__Training_to_Recovery_Ratio,0.005110523493963842
numeric__Heart_Rate,0.004532486412432615
numeric__Playing_Surface,0.003854565889601207
numeric__Training_Intensity,0.0035299907407814195
numeric__Body_Temperature,0.003498663674631268
numeric__Humidity,0.003188937892377332
numeric__Training_Load,0.003173485798951904
numeric__Altitude,0.0031577116138285376
numeric__Caffeine_Intake_mg,0.0031024886477334416
numeric__Sleep_Duration_7d_Avg,0.0030957927453589005
numeric__Jump_Height,0.003077115207139754
numeric__Ambient_Temperature,0.0030600212022140736
numeric__Gait_Speed,0.003004265192317834
numeric__Training_Load_7d_Avg,0.002980435167091679
numeric__Muscle_Activity,0.0029785644738487176
numeric__BMI,0.002948696049946479
numeric__Step_Count,0.0029435866059237866
numeric__Cadence,0.002937798057263328
numeric__Age,0.002912821043665848
categorical__Sport_Type_Team Sport,0.0028935677356715273
numeric__Joint_Angles,0.002881687174127195
numeric__ACWR,0.0028666059666022105
numeric__Range_Of_Motion,0.002851319937889888
numeric__Ground_Reaction_Force,0.0027539984485000003
numeric__Training_Duration_Min,0.0026370254873020822
numeric__Resting_Heart_Rate,0.0023879357009814963
categorical__Training_Type_Cardio,0.002175388576394775
numeric__Resting_HR_7d_Avg,0.0021075184943110227
categorical__Training_Type_Strength,0.002064887598544746
categorical__Gender_Female,0.0019152251363673727
categorical__Gender_Male,0.0019099847221592469
categorical__Sport_Type_Mixed,0.0015157684152153634
categorical__Sport_Type_Endurance,0.0014348186180526189
categorical__Training_Type_HIIT,0.0008317307441886615
categorical__Training_Type_Yoga,0.0005990466607779174
categorical__Training_Type_Rest,0.00040968815639097944
categorical__Sport_Type_Combat,0.00040198687723001645
categorical__Sport_Type_Strength,0.0003910338292819319
categorical__Gender_Non-binary,5.72652100770131e-06
